,appa_num,href
0,116057529,https://re.kufar.by/vi/minsk/snyat/kvartiru-dolgosrochno/116057529
1,115563865,https://re.kufar.by/vi/minsk/snyat/kvartiru-dolgosrochno/115563865
2,116054757,https://re.kufar.by/vi/minsk/snyat/kvartiru-dolgosrochno/116054757
3,116053836,https://re.kufar.by/vi/minsk/snyat/kvartiru-dolgosrochno/116053836
4,116052001,https://re.kufar.by/vi/minsk/snyat/kvartiru-dolgosrochno/116052001
5,116051899,https://re.kufar.by/vi/minsk/snyat/kvartiru-dolgosrochno/116051899
6,116049405,https://re.kufar.by/vi/minsk/snyat/kvartiru-dolgosrochno/116049405
7,116044176,https://re.kufar.by/vi/minsk/snyat/kvartiru-dolgosrochno/116044176
8,115885032,https://re.kufar.by/vi/minsk/snyat/kvartiru-dolgosrochno/115885032
9,116043206,https://re.kufar.by/vi/minsk/snyat/kvartiru-dolgosrochno/116043206
10,116043000,https://re.kufar.by/vi/minsk/snyat/kvartiru-dolgosrochno/116043000
11,116036657,https://re.kufar.by/vi/minsk/snyat/kvartiru-dolgosrochno/116036657
12,112927064,https://re.kufar.by/vi/minsk/snyat/kvartiru-dolgosrochno/112927064
13,115850621,https://re.kufar.by/vi/minsk/snyat/kvartiru-dolgosrochno/115850621
14,115885384,https://re.kufar.by/vi/minsk/snyat/kvartiru-dolgosrochno/115885384
15,115651334,https://re.kufar.by/vi/minsk/snyat/kvartiru-dolgosrochno/115651334
16,114691339,https://re.kufar.by/vi/minsk/snyat/kvartiru-dolgosrochno/114691339
17,116019548,https://re.kufar.by/vi/minsk/snyat/kvartiru-dolgosrochno/116019548
18,115832757,https://re.kufar.by/vi/minsk/snyat/kvartiru-dolgosrochno/115832757
19,112332458,https://re.kufar.by/vi/minsk/snyat/kvartiru-dolgosrochno/112332458
20,111900846,https://re.kufar.by/vi/minsk/snyat/kvartiru-dolgosrochno/111900846
21,115999015,https://re.kufar.by/vi/minsk/snyat/kvartiru-dolgosrochno/115999015
22,115993408,https://re.kufar.by/vi/minsk/snyat/kvartiru-dolgosrochno/115993408
23,115990336,https://re.kufar.by/vi/minsk/snyat/kvartiru-dolgosrochno/115990336
24,115987807,https://re.kufar.by/vi/minsk/snyat/kvartiru-dolgosrochno/115987807
25,115985587,https://re.kufar.by/vi/minsk/snyat/kvartiru-dolgosrochno/115985587
26,115980773,https://re.kufar.by/vi/minsk/snyat/kvartiru-dolgosrochno/115980773
27,115977654,https://re.kufar.by/vi/minsk/snyat/kvartiru-dolgosrochno/115977654
28,115976860,https://re.kufar.by/vi/minsk/snyat/kvartiru-dolgosrochno/115976860
29,112364476,https://re.kufar.by/vi/minsk/snyat/kvartiru-dolgosrochno/112364476
30,115965441,https://re.kufar.by/vi/minsk/snyat/kvartiru-dolgosrochno/115965441
31,115474006,https://re.kufar.by/vi/minsk/snyat/kvartiru-dolgosrochno/115474006
32,115960424,https://re.kufar.by/vi/minsk/snyat/kvartiru-dolgosrochno/115960424
33,115938275,https://re.kufar.by/vi/minsk/snyat/kvartiru-dolgosrochno/115938275
34,115932202,https://re.kufar.by/vi/minsk/snyat/kvartiru-dolgosrochno/115932202
35,115931612,https://re.kufar.by/vi/minsk/snyat/kvartiru-dolgosrochno/115931612
36,115930457,https://re.kufar.by/vi/minsk/snyat/kvartiru-dolgosrochno/115930457
37,115925177,https://re.kufar.by/vi/minsk/snyat/kvartiru-dolgosrochno/115925177
38,115921429,https://re.kufar.by/vi/minsk/snyat/kvartiru-dolgosrochno/115921429
39,115920540,https://re.kufar.by/vi/minsk/snyat/kvartiru-dolgosrochno/115920540
40,115918850,https://re.kufar.by/vi/minsk/snyat/kvartiru-dolgosrochno/115918850
41,111015841,https://re.kufar.by/vi/minsk/snyat/kvartiru-dolgosrochno/111015841
42,115903876,https://re.kufar.by/vi/minsk/snyat/kvartiru-dolgosrochno/115903876
43,115892253,https://re.kufar.by/vi/minsk/snyat/kvartiru-dolgosrochno/115892253
44,115891490,https://re.kufar.by/vi/minsk/snyat/kvartiru-dolgosrochno/115891490
45,115886512,https://re.kufar.by/vi/minsk/snyat/kvartiru-dolgosrochno/115886512
46,115885928,https://re.kufar.by/vi/minsk/snyat/kvartiru-dolgosrochno/115885928
47,114209859,https://re.kufar.by/vi/minsk/snyat/kvartiru-dolgosrochno/114209859
48,115875225,https://re.kufar.by/vi/minsk/snyat/kvartiru-dolgosrochno/115875225
49,115869871,https://re.kufar.by/vi/minsk/snyat/kvartiru-dolgosrochno/115869871
50,115864872,https://re.kufar.by/vi/minsk/snyat/kvartiru-dolgosrochno/115864872
51,115862216,https://re.kufar.by/vi/minsk/snyat/kvartiru-dolgosrochno/115862216
52,115861976,https://re.kufar.by/vi/minsk/snyat/kvartiru-dolgosrochno/115861976
53,115852932,https://re.kufar.by/vi/minsk/snyat/kvartiru-dolgosrochno/115852932
54,115848853,https://re.kufar.by/vi/minsk/snyat/kvartiru-dolgosrochno/115848853
55,115846829,https://re.kufar.by/vi/minsk/snyat/kvartiru-dolgosrochno/115846829
56,115843971,https://re.kufar.by/vi/minsk/snyat/kvartiru-dolgosrochno/115843971
57,115839972,https://re.kufar.by/vi/minsk/snyat/kvartiru-dolgosrochno/115839972
58,115839413,https://re.kufar.by/vi/minsk/snyat/kvartiru-dolgosrochno/115839413
59,115834114,https://re.kufar.by/vi/minsk/snyat/kvartiru-dolgosrochno/115834114
60,115832540,https://re.kufar.by/vi/minsk/snyat/kvartiru-dolgosrochno/115832540
61,109931122,https://re.kufar.by/vi/minsk/snyat/kvartiru-dolgosrochno/109931122
62,114537650,https://re.kufar.by/vi/minsk/snyat/kvartiru-dolgosrochno/114537650
63,115808827,https://re.kufar.by/vi/minsk/snyat/kvartiru-dolgosrochno/115808827
64,115804505,https://re.kufar.by/vi/minsk/snyat/kvartiru-dolgosrochno/115804505
65,115797787,https://re.kufar.by/vi/minsk/snyat/kvartiru-dolgosrochno/115797787
66,110888480,https://re.kufar.by/vi/minsk/snyat/kvartiru-dolgosrochno/110888480
67,115794906,https://re.kufar.by/vi/minsk/snyat/kvartiru-dolgosrochno/115794906
68,115794594,https://re.kufar.by/vi/minsk/snyat/kvartiru-dolgosrochno/115794594
69,115789535,https://re.kufar.by/vi/minsk/snyat/kvartiru-dolgosrochno/115789535
70,115788612,https://re.kufar.by/vi/minsk/snyat/kvartiru-dolgosrochno/115788612
71,115788550,https://re.kufar.by/vi/minsk/snyat/kvartiru-dolgosrochno/115788550
72,115787747,https://re.kufar.by/vi/minsk/snyat/kvartiru-dolgosrochno/115787747
73,115785386,https://re.kufar.by/vi/minsk/snyat/kvartiru-dolgosrochno/115785386
74,115577889,https://re.kufar.by/vi/minsk/snyat/kvartiru-dolgosrochno/115577889
75,115775021,https://re.kufar.by/vi/minsk/snyat/kvartiru-dolgosrochno/115775021
76,115772904,https://re.kufar.by/vi/minsk/snyat/kvartiru-dolgosrochno/115772904
77,115772099,https://re.kufar.by/vi/minsk/snyat/kvartiru-dolgosrochno/115772099
78,114382907,https://re.kufar.by/vi/minsk/snyat/kvartiru-dolgosrochno/114382907
79,115771607,https://re.kufar.by/vi/minsk/snyat/kvartiru-dolgosrochno/115771607
80,115770213,https://re.kufar.by/vi/minsk/snyat/kvartiru-dolgosrochno/115770213
81,115769988,https://re.kufar.by/vi/minsk/snyat/kvartiru-dolgosrochno/115769988
82,113745187,https://re.kufar.by/vi/minsk/snyat/kvartiru-dolgosrochno/113745187
83,115767115,https://re.kufar.by/vi/minsk/snyat/kvartiru-dolgosrochno/115767115
84,115766802,https://re.kufar.by/vi/minsk/snyat/kvartiru-dolgosrochno/115766802
85,115766783,https://re.kufar.by/vi/minsk/snyat/kvartiru-dolgosrochno/115766783
86,115761844,https://re.kufar.by/vi/minsk/snyat/kvartiru-dolgosrochno/115761844
87,115757291,https://re.kufar.by/vi/minsk/snyat/kvartiru-dolgosrochno/115757291
88,115754007,https://re.kufar.by/vi/minsk/snyat/kvartiru-dolgosrochno/115754007
89,113561789,https://re.kufar.by/vi/minsk/snyat/kvartiru-dolgosrochno/113561789
90,115747524,https://re.kufar.by/vi/minsk/snyat/kvartiru-dolgosrochno/115747524
91,115745415,https://re.kufar.by/vi/minsk/snyat/kvartiru-dolgosrochno/115745415
92,115741867,https://re.kufar.by/vi/minsk/snyat/kvartiru-dolgosrochno/115741867
93,115739789,https://re.kufar.by/vi/minsk/snyat/kvartiru-dolgosrochno/115739789
94,115735768,https://re.kufar.by/vi/minsk/snyat/kvartiru-dolgosrochno/115735768
95,115734488,https://re.kufar.by/vi/minsk/snyat/kvartiru-dolgosrochno/115734488
96,115645260,https://re.kufar.by/vi/minsk/snyat/kvartiru-dolgosrochno/115645260
97,115731079,https://re.kufar.by/vi/minsk/snyat/kvartiru-dolgosrochno/115731079
98,115731031,https://re.kufar.by/vi/minsk/snyat/kvartiru-dolgosrochno/115731031
99,115730812,https://re.kufar.by/vi/minsk/snyat/kvartiru-dolgosrochno/115730812
100,115727982,https://re.kufar.by/vi/minsk/snyat/kvartiru-dolgosrochno/115727982
101,115725146,https://re.kufar.by/vi/minsk/snyat/kvartiru-dolgosrochno/115725146
102,115724715,https://re.kufar.by/vi/minsk/snyat/kvartiru-dolgosrochno/115724715
103,115723553,https://re.kufar.by/vi/minsk/snyat/kvartiru-dolgosrochno/115723553
104,115718183,https://re.kufar.by/vi/minsk/snyat/kvartiru-dolgosrochno/115718183
105,115709515,https://re.kufar.by/vi/minsk/snyat/kvartiru-dolgosrochno/115709515
106,115707253,https://re.kufar.by/vi/minsk/snyat/kvartiru-dolgosrochno/115707253
107,115706414,https://re.kufar.by/vi/minsk/snyat/kvartiru-dolgosrochno/115706414
108,115706073,https://re.kufar.by/vi/minsk/snyat/kvartiru-dolgosrochno/115706073
109,115704640,https://re.kufar.by/vi/minsk/snyat/kvartiru-dolgosrochno/115704640
110,115699296,https://re.kufar.by/vi/minsk/snyat/kvartiru-dolgosrochno/115699296
111,115681060,https://re.kufar.by/vi/minsk/snyat/kvartiru-dolgosrochno/115681060
112,112028416,https://re.kufar.by/vi/minsk/snyat/kvartiru-dolgosrochno/112028416
113,113791842,https://re.kufar.by/vi/minsk/snyat/kvartiru-dolgosrochno/113791842
114,115674548,https://re.kufar.by/vi/minsk/snyat/kvartiru-dolgosrochno/115674548
115,115673441,https://re.kufar.by/vi/minsk/snyat/kvartiru-dolgosrochno/115673441
116,115636740,https://re.kufar.by/vi/minsk/snyat/kvartiru-dolgosrochno/115636740
117,115655388,https://re.kufar.by/vi/minsk/snyat/kvartiru-dolgosrochno/115655388
118,115653296,https://re.kufar.by/vi/minsk/snyat/kvartiru-dolgosrochno/115653296
119,115648744,https://re.kufar.by/vi/minsk/snyat/kvartiru-dolgosrochno/115648744
120,115313884,https://re.kufar.by/vi/minsk/snyat/kvartiru-dolgosrochno/115313884
121,115292101,https://re.kufar.by/vi/minsk/snyat/kvartiru-dolgosrochno/115292101
122,115639517,https://re.kufar.by/vi/minsk/snyat/kvartiru-dolgosrochno/115639517
123,115639418,https://re.kufar.by/vi/minsk/snyat/kvartiru-dolgosrochno/115639418
124,113310818,https://re.kufar.by/vi/minsk/snyat/kvartiru-dolgosrochno/113310818
125,114073635,https://re.kufar.by/vi/minsk/snyat/kvartiru-dolgosrochno/114073635
126,114158493,https://re.kufar.by/vi/minsk/snyat/kvartiru-dolgosrochno/114158493
127,114170425,https://re.kufar.by/vi/minsk/snyat/kvartiru-dolgosrochno/114170425
128,113638043,https://re.kufar.by/vi/minsk/snyat/kvartiru-dolgosrochno/113638043
129,113770467,https://re.kufar.by/vi/minsk/snyat/kvartiru-dolgosrochno/113770467
130,114066296,https://re.kufar.by/vi/minsk/snyat/kvartiru-dolgosrochno/114066296
131,115637716,https://re.kufar.by/vi/minsk/snyat/kvartiru-dolgosrochno/115637716
132,115637303,https://re.kufar.by/vi/minsk/snyat/kvartiru-dolgosrochno/115637303
133,115636951,https://re.kufar.by/vi/minsk/snyat/kvartiru-dolgosrochno/115636951
134,115636808,https://re.kufar.by/vi/minsk/snyat/kvartiru-dolgosrochno/115636808
135,115636453,https://re.kufar.by/vi/minsk/snyat/kvartiru-dolgosrochno/115636453
136,115632584,https://re.kufar.by/vi/minsk/snyat/kvartiru-dolgosrochno/115632584
137,115622215,https://re.kufar.by/vi/minsk/snyat/kvartiru-dolgosrochno/115622215
138,115604315,https://re.kufar.by/vi/minsk/snyat/kvartiru-dolgosrochno/115604315
139,115043728,https://re.kufar.by/vi/minsk/snyat/kvartiru-dolgosrochno/115043728
140,115598914,https://re.kufar.by/vi/minsk/snyat/kvartiru-dolgosrochno/115598914
141,115586622,https://re.kufar.by/vi/minsk/snyat/kvartiru-dolgosrochno/115586622
142,115583896,https://re.kufar.by/vi/minsk/snyat/kvartiru-dolgosrochno/115583896
143,115581813,https://re.kufar.by/vi/minsk/snyat/kvartiru-dolgosrochno/115581813
144,115580789,https://re.kufar.by/vi/minsk/snyat/kvartiru-dolgosrochno/115580789
145,115576550,https://re.kufar.by/vi/minsk/snyat/kvartiru-dolgosrochno/115576550
146,115564200,https://re.kufar.by/vi/minsk/snyat/kvartiru-dolgosrochno/115564200
147,115564170,https://re.kufar.by/vi/minsk/snyat/kvartiru-dolgosrochno/115564170
148,114389992,https://re.kufar.by/vi/minsk/snyat/kvartiru-dolgosrochno/114389992
149,115562383,https://re.kufar.by/vi/minsk/snyat/kvartiru-dolgosrochno/bez-otdelki/115562383
150,113672506,https://re.kufar.by/vi/minsk/snyat/kvartiru-dolgosrochno/113672506
151,115556920,https://re.kufar.by/vi/minsk/snyat/kvartiru-dolgosrochno/115556920
152,115546213,https://re.kufar.by/vi/minsk/snyat/kvartiru-dolgosrochno/115546213
153,115539092,https://re.kufar.by/vi/minsk/snyat/kvartiru-dolgosrochno/115539092
154,115538718,https://re.kufar.by/vi/minsk/snyat/kvartiru-dolgosrochno/115538718
155,115528091,https://re.kufar.by/vi/minsk/snyat/kvartiru-dolgosrochno/115528091
156,115511077,https://re.kufar.by/vi/minsk/snyat/kvartiru-dolgosrochno/115511077
157,115508563,https://re.kufar.by/vi/minsk/snyat/kvartiru-dolgosrochno/115508563
158,115494364,https://re.kufar.by/vi/minsk/snyat/kvartiru-dolgosrochno/115494364
159,115479105,https://re.kufar.by/vi/minsk/snyat/kvartiru-dolgosrochno/115479105
160,115466951,https://re.kufar.by/vi/minsk/snyat/kvartiru-dolgosrochno/115466951
161,115461304,https://re.kufar.by/vi/minsk/snyat/kvartiru-dolgosrochno/115461304
162,115459192,https://re.kufar.by/vi/minsk/snyat/kvartiru-dolgosrochno/115459192
163,115452997,https://re.kufar.by/vi/minsk/snyat/kvartiru-dolgosrochno/115452997
164,115451871,https://re.kufar.by/vi/minsk/snyat/kvartiru-dolgosrochno/115451871
165,115445958,https://re.kufar.by/vi/minsk/snyat/kvartiru-dolgosrochno/115445958
166,115440803,https://re.kufar.by/vi/minsk/snyat/kvartiru-dolgosrochno/115440803
167,115439578,https://re.kufar.by/vi/minsk/snyat/kvartiru-dolgosrochno/115439578
168,115437390,https://re.kufar.by/vi/minsk/snyat/kvartiru-dolgosrochno/115437390
169,115436280,https://re.kufar.by/vi/minsk/snyat/kvartiru-dolgosrochno/115436280
170,115434473,https://re.kufar.by/vi/minsk/snyat/kvartiru-dolgosrochno/115434473
171,115433884,https://re.kufar.by/vi/minsk/snyat/kvartiru-dolgosrochno/115433884
172,115433362,https://re.kufar.by/vi/minsk/snyat/kvartiru-dolgosrochno/115433362
173,115432563,https://re.kufar.by/vi/minsk/snyat/kvartiru-dolgosrochno/115432563
174,115432294,https://re.kufar.by/vi/minsk/snyat/kvartiru-dolgosrochno/115432294
175,115431847,https://re.kufar.by/vi/minsk/snyat/kvartiru-dolgosrochno/115431847
176,115430109,https://re.kufar.by/vi/minsk/snyat/kvartiru-dolgosrochno/115430109
177,115429963,https://re.kufar.by/vi/minsk/snyat/kvartiru-dolgosrochno/115429963
178,115430164,https://re.kufar.by/vi/minsk/snyat/kvartiru-dolgosrochno/115430164
179,115426957,https://re.kufar.by/vi/minsk/snyat/kvartiru-dolgosrochno/115426957
180,115422234,https://re.kufar.by/vi/minsk/snyat/kvartiru-dolgosrochno/115422234
181,114710019,https://re.kufar.by/vi/minsk/snyat/kvartiru-dolgosrochno/114710019
182,115401691,https://re.kufar.by/vi/minsk/snyat/kvartiru-dolgosrochno/115401691
183,115398616,https://re.kufar.by/vi/minsk/snyat/kvartiru-dolgosrochno/115398616
184,115394252,https://re.kufar.by/vi/minsk/snyat/kvartiru-dolgosrochno/115394252
185,115393765,https://re.kufar.by/vi/minsk/snyat/kvartiru-dolgosrochno/115393765
186,115393029,https://re.kufar.by/vi/minsk/snyat/kvartiru-dolgosrochno/115393029
187,115391709,https://re.kufar.by/vi/minsk/snyat/kvartiru-dolgosrochno/115391709
188,115387159,https://re.kufar.by/vi/minsk/snyat/kvartiru-dolgosrochno/115387159
189,115380785,https://re.kufar.by/vi/minsk/snyat/kvartiru-dolgosrochno/115380785
190,115378425,https://re.kufar.by/vi/minsk/snyat/kvartiru-dolgosrochno/115378425
191,115374991,https://re.kufar.by/vi/minsk/snyat/kvartiru-dolgosrochno/115374991
192,115372158,https://re.kufar.by/vi/minsk/snyat/kvartiru-dolgosrochno/115372158
193,115369913,https://re.kufar.by/vi/minsk/snyat/kvartiru-dolgosrochno/115369913
194,115367940,https://re.kufar.by/vi/minsk/snyat/kvartiru-dolgosrochno/115367940
195,115367387,https://re.kufar.by/vi/minsk/snyat/kvartiru-dolgosrochno/115367387
196,115363165,https://re.kufar.by/vi/minsk/snyat/kvartiru-dolgosrochno/115363165
197,115348543,https://re.kufar.by/vi/minsk/snyat/kvartiru-dolgosrochno/115348543
198,113754115,https://re.kufar.by/vi/minsk/snyat/kvartiru-dolgosrochno/113754115
199,115322070,https://re.kufar.by/vi/minsk/snyat/kvartiru-dolgosrochno/115322070
200,115304121,https://re.kufar.by/vi/minsk/snyat/kvartiru-dolgosrochno/115304121
201,114874033,https://re.kufar.by/vi/minsk/snyat/kvartiru-dolgosrochno/114874033
202,115302428,https://re.kufar.by/vi/minsk/snyat/kvartiru-dolgosrochno/115302428
203,115295569,https://re.kufar.by/vi/minsk/snyat/kvartiru-dolgosrochno/115295569
204,115294310,https://re.kufar.by/vi/minsk/snyat/kvartiru-dolgosrochno/115294310
205,115280477,https://re.kufar.by/vi/minsk/snyat/kvartiru-dolgosrochno/115280477
206,115272784,https://re.kufar.by/vi/minsk/snyat/kvartiru-dolgosrochno/115272784
207,115114513,https://re.kufar.by/vi/minsk/snyat/kvartiru-dolgosrochno/115114513
208,115263929,https://re.kufar.by/vi/minsk/snyat/kvartiru-dolgosrochno/115263929
209,115258292,https://re.kufar.by/vi/minsk/snyat/kvartiru-dolgosrochno/115258292
210,115252829,https://re.kufar.by/vi/minsk/snyat/kvartiru-dolgosrochno/115252829
211,115252388,https://re.kufar.by/vi/minsk/snyat/kvartiru-dolgosrochno/115252388
212,115239447,https://re.kufar.by/vi/minsk/snyat/kvartiru-dolgosrochno/115239447
213,115236236,https://re.kufar.by/vi/minsk/snyat/kvartiru-dolgosrochno/115236236
214,115233784,https://re.kufar.by/vi/minsk/snyat/kvartiru-dolgosrochno/115233784
215,115231159,https://re.kufar.by/vi/minsk/snyat/kvartiru-dolgosrochno/115231159
216,115227357,https://re.kufar.by/vi/minsk/snyat/kvartiru-dolgosrochno/115227357
217,115224471,https://re.kufar.by/vi/minsk/snyat/kvartiru-dolgosrochno/115224471
218,115222189,https://re.kufar.by/vi/minsk/snyat/kvartiru-dolgosrochno/115222189
219,115220756,https://re.kufar.by/vi/minsk/snyat/kvartiru-dolgosrochno/115220756
220,115218327,https://re.kufar.by/vi/minsk/snyat/kvartiru-dolgosrochno/115218327
221,115209437,https://re.kufar.by/vi/minsk/snyat/kvartiru-dolgosrochno/115209437
222,115197447,https://re.kufar.by/vi/minsk/snyat/kvartiru-dolgosrochno/115197447
223,115189878,https://re.kufar.by/vi/minsk/snyat/kvartiru-dolgosrochno/115189878
224,115183752,https://re.kufar.by/vi/minsk/snyat/kvartiru-dolgosrochno/115183752
225,115169064,https://re.kufar.by/vi/minsk/snyat/kvartiru-dolgosrochno/115169064
226,115157391,https://re.kufar.by/vi/minsk/snyat/kvartiru-dolgosrochno/115157391
227,115149227,https://re.kufar.by/vi/minsk/snyat/kvartiru-dolgosrochno/115149227
228,115142744,https://re.kufar.by/vi/minsk/snyat/kvartiru-dolgosrochno/115142744
229,115118656,https://re.kufar.by/vi/minsk/snyat/kvartiru-dolgosrochno/115118656
230,115101660,https://re.kufar.by/vi/minsk/snyat/kvartiru-dolgosrochno/115101660
231,115092017,https://re.kufar.by/vi/minsk/snyat/kvartiru-dolgosrochno/115092017
232,115090991,https://re.kufar.by/vi/minsk/snyat/kvartiru-dolgosrochno/115090991
233,115080580,https://re.kufar.by/vi/minsk/snyat/kvartiru-dolgosrochno/115080580
234,115080547,https://re.kufar.by/vi/minsk/snyat/kvartiru-dolgosrochno/115080547
235,115053845,https://re.kufar.by/vi/minsk/snyat/kvartiru-dolgosrochno/115053845
236,115051973,https://re.kufar.by/vi/minsk/snyat/kvartiru-dolgosrochno/115051973
237,115047936,https://re.kufar.by/vi/minsk/snyat/kvartiru-dolgosrochno/115047936
238,115014680,https://re.kufar.by/vi/minsk/snyat/kvartiru-dolgosrochno/115014680
239,115005948,https://re.kufar.by/vi/minsk/snyat/kvartiru-dolgosrochno/115005948
240,114982892,https://re.kufar.by/vi/minsk/snyat/kvartiru-dolgosrochno/114982892
241,114974686,https://re.kufar.by/vi/minsk/snyat/kvartiru-dolgosrochno/114974686
242,114963328,https://re.kufar.by/vi/minsk/snyat/kvartiru-dolgosrochno/114963328
243,114950404,https://re.kufar.by/vi/minsk/snyat/kvartiru-dolgosrochno/114950404
244,114949877,https://re.kufar.by/vi/minsk/snyat/kvartiru-dolgosrochno/114949877
245,114947165,https://re.kufar.by/vi/minsk/snyat/kvartiru-dolgosrochno/114947165
246,114945645,https://re.kufar.by/vi/minsk/snyat/kvartiru-dolgosrochno/114945645
247,114937062,https://re.kufar.by/vi/minsk/snyat/kvartiru-dolgosrochno/114937062
248,114925797,https://re.kufar.by/vi/minsk/snyat/kvartiru-dolgosrochno/114925797
249,114923689,https://re.kufar.by/vi/minsk/snyat/kvartiru-dolgosrochno/114923689
250,112372664,https://re.kufar.by/vi/minsk/snyat/kvartiru-dolgosrochno/112372664
251,113867745,https://re.kufar.by/vi/minsk/snyat/kvartiru-dolgosrochno/113867745
252,114894396,https://re.kufar.by/vi/minsk/snyat/kvartiru-dolgosrochno/114894396
253,114891930,https://re.kufar.by/vi/minsk/snyat/kvartiru-dolgosrochno/114891930
254,114891502,https://re.kufar.by/vi/minsk/snyat/kvartiru-dolgosrochno/114891502
255,114886422,https://re.kufar.by/vi/minsk/snyat/kvartiru-dolgosrochno/114886422
256,114879995,https://re.kufar.by/vi/minsk/snyat/kvartiru-dolgosrochno/114879995
257,114856090,https://re.kufar.by/vi/minsk/snyat/kvartiru-dolgosrochno/114856090
258,114868878,https://re.kufar.by/vi/minsk/snyat/kvartiru-dolgosrochno/114868878
259,114847512,https://re.kufar.by/vi/minsk/snyat/kvartiru-dolgosrochno/114847512
260,114841000,https://re.kufar.by/vi/minsk/snyat/kvartiru-dolgosrochno/114841000
261,110617559,https://re.kufar.by/vi/minsk/snyat/kvartiru-dolgosrochno/110617559
262,114829572,https://re.kufar.by/vi/minsk/snyat/kvartiru-dolgosrochno/114829572
263,114825993,https://re.kufar.by/vi/minsk/snyat/kvartiru-dolgosrochno/114825993
264,114817000,https://re.kufar.by/vi/minsk/snyat/kvartiru-dolgosrochno/114817000
265,114797441,https://re.kufar.by/vi/minsk/snyat/kvartiru-dolgosrochno/114797441
266,114769670,https://re.kufar.by/vi/minsk/snyat/kvartiru-dolgosrochno/114769670
267,114793832,https://re.kufar.by/vi/minsk/snyat/kvartiru-dolgosrochno/114793832
268,114782016,https://re.kufar.by/vi/minsk/snyat/kvartiru-dolgosrochno/114782016
269,107828250,https://re.kufar.by/vi/minsk/snyat/kvartiru-dolgosrochno/107828250
270,114747277,https://re.kufar.by/vi/minsk/snyat/kvartiru-dolgosrochno/114747277
271,114742750,https://re.kufar.by/vi/minsk/snyat/kvartiru-dolgosrochno/114742750
272,114738367,https://re.kufar.by/vi/minsk/snyat/kvartiru-dolgosrochno/114738367
273,114734109,https://re.kufar.by/vi/minsk/snyat/kvartiru-dolgosrochno/114734109
274,114731454,https://re.kufar.by/vi/minsk/snyat/kvartiru-dolgosrochno/114731454
275,114723553,https://re.kufar.by/vi/minsk/snyat/kvartiru-dolgosrochno/114723553
276,114716642,https://re.kufar.by/vi/minsk/snyat/kvartiru-dolgosrochno/114716642
277,114715285,https://re.kufar.by/vi/minsk/snyat/kvartiru-dolgosrochno/114715285
278,114707182,https://re.kufar.by/vi/minsk/snyat/kvartiru-dolgosrochno/114707182
279,114698083,https://re.kufar.by/vi/minsk/snyat/kvartiru-dolgosrochno/114698083
280,111585157,https://re.kufar.by/vi/minsk/snyat/kvartiru-dolgosrochno/111585157
281,114683409,https://re.kufar.by/vi/minsk/snyat/kvartiru-dolgosrochno/114683409
282,114676165,https://re.kufar.by/vi/minsk/snyat/kvartiru-dolgosrochno/114676165
283,114654718,https://re.kufar.by/vi/minsk/snyat/kvartiru-dolgosrochno/114654718
284,114662393,https://re.kufar.by/vi/minsk/snyat/kvartiru-dolgosrochno/114662393
285,114654583,https://re.kufar.by/vi/minsk/snyat/kvartiru-dolgosrochno/114654583
286,114651862,https://re.kufar.by/vi/minsk/snyat/kvartiru-dolgosrochno/114651862
287,114643932,https://re.kufar.by/vi/minsk/snyat/kvartiru-dolgosrochno/114643932
288,113883212,https://re.kufar.by/vi/minsk/snyat/kvartiru-dolgosrochno/113883212
289,114628834,https://re.kufar.by/vi/minsk/snyat/kvartiru-dolgosrochno/114628834
290,107240195,https://re.kufar.by/vi/minsk/snyat/kvartiru-dolgosrochno/107240195
291,114621289,https://re.kufar.by/vi/minsk/snyat/kvartiru-dolgosrochno/114621289
292,114621277,https://re.kufar.by/vi/minsk/snyat/kvartiru-dolgosrochno/114621277
293,114613938,https://re.kufar.by/vi/minsk/snyat/kvartiru-dolgosrochno/114613938
294,108792170,https://re.kufar.by/vi/minsk/snyat/kvartiru-dolgosrochno/108792170
295,114577491,https://re.kufar.by/vi/minsk/snyat/kvartiru-dolgosrochno/114577491
296,114574970,https://re.kufar.by/vi/minsk/snyat/kvartiru-dolgosrochno/114574970
297,114568353,https://re.kufar.by/vi/minsk/snyat/kvartiru-dolgosrochno/114568353
298,114559346,https://re.kufar.by/vi/minsk/snyat/kvartiru-dolgosrochno/114559346
299,114551727,https://re.kufar.by/vi/minsk/snyat/kvartiru-dolgosrochno/114551727
300,114550583,https://re.kufar.by/vi/minsk/snyat/kvartiru-dolgosrochno/114550583
301,114499881,https://re.kufar.by/vi/minsk/snyat/kvartiru-dolgosrochno/bez-otdelki/114499881
302,114492361,https://re.kufar.by/vi/minsk/snyat/kvartiru-dolgosrochno/114492361
303,114019498,https://re.kufar.by/vi/minsk/snyat/kvartiru-dolgosrochno/114019498
304,114439427,https://re.kufar.by/vi/minsk/snyat/kvartiru-dolgosrochno/114439427
305,114434720,https://re.kufar.by/vi/minsk/snyat/kvartiru-dolgosrochno/114434720
306,114429979,https://re.kufar.by/vi/minsk/snyat/kvartiru-dolgosrochno/114429979
307,114430031,https://re.kufar.by/vi/minsk/snyat/kvartiru-dolgosrochno/114430031
308,113382635,https://re.kufar.by/vi/minsk/snyat/kvartiru-dolgosrochno/113382635
309,114411668,https://re.kufar.by/vi/minsk/snyat/kvartiru-dolgosrochno/114411668
310,114402109,https://re.kufar.by/vi/minsk/snyat/kvartiru-dolgosrochno/114402109
311,114395937,https://re.kufar.by/vi/minsk/snyat/kvartiru-dolgosrochno/114395937
312,114394796,https://re.kufar.by/vi/minsk/snyat/kvartiru-dolgosrochno/114394796
313,113780706,https://re.kufar.by/vi/minsk/snyat/kvartiru-dolgosrochno/113780706
314,114378700,https://re.kufar.by/vi/minsk/snyat/kvartiru-dolgosrochno/114378700
315,114228022,https://re.kufar.by/vi/minsk/snyat/kvartiru-dolgosrochno/114228022
316,114368141,https://re.kufar.by/vi/minsk/snyat/kvartiru-dolgosrochno/114368141
317,114361666,https://re.kufar.by/vi/minsk/snyat/kvartiru-dolgosrochno/114361666
318,114357601,https://re.kufar.by/vi/minsk/snyat/kvartiru-dolgosrochno/114357601
319,114346608,https://re.kufar.by/vi/minsk/snyat/kvartiru-dolgosrochno/114346608
320,114327996,https://re.kufar.by/vi/minsk/snyat/kvartiru-dolgosrochno/114327996
321,114324146,https://re.kufar.by/vi/minsk/snyat/kvartiru-dolgosrochno/114324146
322,114322473,https://re.kufar.by/vi/minsk/snyat/kvartiru-dolgosrochno/114322473
323,114287323,https://re.kufar.by/vi/minsk/snyat/kvartiru-dolgosrochno/114287323
324,114283779,https://re.kufar.by/vi/minsk/snyat/kvartiru-dolgosrochno/114283779
325,114260324,https://re.kufar.by/vi/minsk/snyat/kvartiru-dolgosrochno/114260324
326,114257364,https://re.kufar.by/vi/minsk/snyat/kvartiru-dolgosrochno/114257364
327,114251434,https://re.kufar.by/vi/minsk/snyat/kvartiru-dolgosrochno/114251434
328,114235514,https://re.kufar.by/vi/minsk/snyat/kvartiru-dolgosrochno/114235514
329,114235156,https://re.kufar.by/vi/minsk/snyat/kvartiru-dolgosrochno/114235156
330,114198576,https://re.kufar.by/vi/minsk/snyat/kvartiru-dolgosrochno/114198576
331,114194878,https://re.kufar.by/vi/minsk/snyat/kvartiru-dolgosrochno/114194878
332,114186775,https://re.kufar.by/vi/minsk/snyat/kvartiru-dolgosrochno/114186775
333,114177428,https://re.kufar.by/vi/minsk/snyat/kvartiru-dolgosrochno/114177428
334,114175634,https://re.kufar.by/vi/minsk/snyat/kvartiru-dolgosrochno/114175634
335,114174584,https://re.kufar.by/vi/minsk/snyat/kvartiru-dolgosrochno/114174584
336,114171657,https://re.kufar.by/vi/minsk/snyat/kvartiru-dolgosrochno/114171657
337,114122559,https://re.kufar.by/vi/minsk/snyat/kvartiru-dolgosrochno/114122559
338,114113501,https://re.kufar.by/vi/minsk/snyat/kvartiru-dolgosrochno/114113501
339,114096022,https://re.kufar.by/vi/minsk/snyat/kvartiru-dolgosrochno/114096022
340,114094200,https://re.kufar.by/vi/minsk/snyat/kvartiru-dolgosrochno/114094200
341,114087842,https://re.kufar.by/vi/minsk/snyat/kvartiru-dolgosrochno/114087842
342,114052362,https://re.kufar.by/vi/minsk/snyat/kvartiru-dolgosrochno/114052362
343,114041393,https://re.kufar.by/vi/minsk/snyat/kvartiru-dolgosrochno/114041393
344,114040069,https://re.kufar.by/vi/minsk/snyat/kvartiru-dolgosrochno/114040069
345,114027292,https://re.kufar.by/vi/minsk/snyat/kvartiru-dolgosrochno/114027292
346,114000162,https://re.kufar.by/vi/minsk/snyat/kvartiru-dolgosrochno/114000162
347,113956588,https://re.kufar.by/vi/minsk/snyat/kvartiru-dolgosrochno/113956588
348,113954564,https://re.kufar.by/vi/minsk/snyat/kvartiru-dolgosrochno/113954564
349,113925337,https://re.kufar.by/vi/minsk/snyat/kvartiru-dolgosrochno/113925337
350,113911233,https://re.kufar.by/vi/minsk/snyat/kvartiru-dolgosrochno/113911233
351,113911488,https://re.kufar.by/vi/minsk/snyat/kvartiru-dolgosrochno/113911488
352,113901293,https://re.kufar.by/vi/minsk/snyat/kvartiru-dolgosrochno/113901293
353,113899600,https://re.kufar.by/vi/minsk/snyat/kvartiru-dolgosrochno/113899600
354,113870645,https://re.kufar.by/vi/minsk/snyat/kvartiru-dolgosrochno/113870645
355,113851711,https://re.kufar.by/vi/minsk/snyat/kvartiru-dolgosrochno/113851711
356,113850171,https://re.kufar.by/vi/minsk/snyat/kvartiru-dolgosrochno/113850171
357,113844960,https://re.kufar.by/vi/minsk/snyat/kvartiru-dolgosrochno/113844960
358,113835998,https://re.kufar.by/vi/minsk/snyat/kvartiru-dolgosrochno/113835998
359,113815701,https://re.kufar.by/vi/minsk/snyat/kvartiru-dolgosrochno/113815701
360,113790586,https://re.kufar.by/vi/minsk/snyat/kvartiru-dolgosrochno/113790586
361,113768571,https://re.kufar.by/vi/minsk/snyat/kvartiru-dolgosrochno/113768571
362,111813233,https://re.kufar.by/vi/minsk/snyat/kvartiru-dolgosrochno/111813233
363,113733651,https://re.kufar.by/vi/minsk/snyat/kvartiru-dolgosrochno/113733651
364,113732600,https://re.kufar.by/vi/minsk/snyat/kvartiru-dolgosrochno/113732600
365,113711244,https://re.kufar.by/vi/minsk/snyat/kvartiru-dolgosrochno/113711244
366,111660916,https://re.kufar.by/vi/minsk/snyat/kvartiru-dolgosrochno/111660916
367,113708861,https://re.kufar.by/vi/minsk/snyat/kvartiru-dolgosrochno/113708861
368,113703795,https://re.kufar.by/vi/minsk/snyat/kvartiru-dolgosrochno/113703795
369,113693581,https://re.kufar.by/vi/minsk/snyat/kvartiru-dolgosrochno/113693581
370,113657972,https://re.kufar.by/vi/minsk/snyat/kvartiru-dolgosrochno/113657972
371,113680014,https://re.kufar.by/vi/minsk/snyat/kvartiru-dolgosrochno/113680014
372,112616659,https://re.kufar.by/vi/minsk/snyat/kvartiru-dolgosrochno/112616659
373,113637236,https://re.kufar.by/vi/minsk/snyat/kvartiru-dolgosrochno/113637236
374,113632756,https://re.kufar.by/vi/minsk/snyat/kvartiru-dolgosrochno/113632756
375,110406257,https://re.kufar.by/vi/minsk/snyat/kvartiru-dolgosrochno/110406257
376,113628691,https://re.kufar.by/vi/minsk/snyat/kvartiru-dolgosrochno/113628691
377,113627451,https://re.kufar.by/vi/minsk/snyat/kvartiru-dolgosrochno/113627451
378,113624787,https://re.kufar.by/vi/minsk/snyat/kvartiru-dolgosrochno/113624787
379,113616866,https://re.kufar.by/vi/minsk/snyat/kvartiru-dolgosrochno/113616866
380,113596561,https://re.kufar.by/vi/minsk/snyat/kvartiru-dolgosrochno/113596561
381,113571609,https://re.kufar.by/vi/minsk/snyat/kvartiru-dolgosrochno/113571609
382,113557199,https://re.kufar.by/vi/minsk/snyat/kvartiru-dolgosrochno/113557199
383,112713482,https://re.kufar.by/vi/minsk/snyat/kvartiru-dolgosrochno/112713482
384,113548483,https://re.kufar.by/vi/minsk/snyat/kvartiru-dolgosrochno/113548483
385,113525485,https://re.kufar.by/vi/minsk/snyat/kvartiru-dolgosrochno/113525485
386,113509762,https://re.kufar.by/vi/minsk/snyat/kvartiru-dolgosrochno/113509762
387,113498573,https://re.kufar.by/vi/minsk/snyat/kvartiru-dolgosrochno/113498573
388,113204190,https://re.kufar.by/vi/minsk/snyat/kvartiru-dolgosrochno/113204190
389,113414551,https://re.kufar.by/vi/minsk/snyat/kvartiru-dolgosrochno/113414551
390,112863324,https://re.kufar.by/vi/minsk/snyat/kvartiru-dolgosrochno/112863324
391,113357776,https://re.kufar.by/vi/minsk/snyat/kvartiru-dolgosrochno/113357776
392,113348815,https://re.kufar.by/vi/minsk/snyat/kvartiru-dolgosrochno/113348815
393,113340780,https://re.kufar.by/vi/minsk/snyat/kvartiru-dolgosrochno/113340780
394,113340156,https://re.kufar.by/vi/minsk/snyat/kvartiru-dolgosrochno/113340156
395,113337675,https://re.kufar.by/vi/minsk/snyat/kvartiru-dolgosrochno/113337675
396,113330640,https://re.kufar.by/vi/minsk/snyat/kvartiru-dolgosrochno/113330640
397,113293264,https://re.kufar.by/vi/minsk/snyat/kvartiru-dolgosrochno/113293264
398,113273472,https://re.kufar.by/vi/minsk/snyat/kvartiru-dolgosrochno/113273472
399,113268845,https://re.kufar.by/vi/minsk/snyat/kvartiru-dolgosrochno/113268845
400,113268341,https://re.kufar.by/vi/minsk/snyat/kvartiru-dolgosrochno/113268341
401,113245788,https://re.kufar.by/vi/minsk/snyat/kvartiru-dolgosrochno/113245788
402,113244503,https://re.kufar.by/vi/minsk/snyat/kvartiru-dolgosrochno/113244503
403,113238974,https://re.kufar.by/vi/minsk/snyat/kvartiru-dolgosrochno/113238974
404,113235160,https://re.kufar.by/vi/minsk/snyat/kvartiru-dolgosrochno/113235160
405,113232866,https://re.kufar.by/vi/minsk/snyat/kvartiru-dolgosrochno/113232866
406,113232254,https://re.kufar.by/vi/minsk/snyat/kvartiru-dolgosrochno/113232254
407,113210705,https://re.kufar.by/vi/minsk/snyat/kvartiru-dolgosrochno/113210705
408,113205595,https://re.kufar.by/vi/minsk/snyat/kvartiru-dolgosrochno/113205595
409,113159597,https://re.kufar.by/vi/minsk/snyat/kvartiru-dolgosrochno/113159597
410,113137973,https://re.kufar.by/vi/minsk/snyat/kvartiru-dolgosrochno/113137973
411,113137705,https://re.kufar.by/vi/minsk/snyat/kvartiru-dolgosrochno/113137705
412,112636923,https://re.kufar.by/vi/minsk/snyat/kvartiru-dolgosrochno/112636923
413,113088662,https://re.kufar.by/vi/minsk/snyat/kvartiru-dolgosrochno/113088662
414,113075323,https://re.kufar.by/vi/minsk/snyat/kvartiru-dolgosrochno/113075323
415,113038109,https://re.kufar.by/vi/minsk/snyat/kvartiru-dolgosrochno/113038109
416,113030928,https://re.kufar.by/vi/minsk/snyat/kvartiru-dolgosrochno/113030928
417,113024095,https://re.kufar.by/vi/minsk/snyat/kvartiru-dolgosrochno/113024095
418,113022684,https://re.kufar.by/vi/minsk/snyat/kvartiru-dolgosrochno/113022684
419,112552550,https://re.kufar.by/vi/minsk/snyat/kvartiru-dolgosrochno/112552550
420,112991760,https://re.kufar.by/vi/minsk/snyat/kvartiru-dolgosrochno/112991760
421,112972954,https://re.kufar.by/vi/minsk/snyat/kvartiru-dolgosrochno/112972954
422,112754010,https://re.kufar.by/vi/minsk/snyat/kvartiru-dolgosrochno/112754010
423,112965635,https://re.kufar.by/vi/minsk/snyat/kvartiru-dolgosrochno/112965635
424,112906336,https://re.kufar.by/vi/minsk/snyat/kvartiru-dolgosrochno/112906336
425,112902353,https://re.kufar.by/vi/minsk/snyat/kvartiru-dolgosrochno/112902353
426,112858081,https://re.kufar.by/vi/minsk/snyat/kvartiru-dolgosrochno/112858081
427,112827275,https://re.kufar.by/vi/minsk/snyat/kvartiru-dolgosrochno/112827275
428,112811667,https://re.kufar.by/vi/minsk/snyat/kvartiru-dolgosrochno/112811667
429,111874805,https://re.kufar.by/vi/minsk/snyat/kvartiru-dolgosrochno/111874805
430,112703783,https://re.kufar.by/vi/minsk/snyat/kvartiru-dolgosrochno/112703783
431,112687273,https://re.kufar.by/vi/minsk/snyat/kvartiru-dolgosrochno/112687273
432,112660150,https://re.kufar.by/vi/minsk/snyat/kvartiru-dolgosrochno/112660150
433,111240805,https://re.kufar.by/vi/minsk/snyat/kvartiru-dolgosrochno/111240805
434,112641946,https://re.kufar.by/vi/minsk/snyat/kvartiru-dolgosrochno/112641946
435,112607539,https://re.kufar.by/vi/minsk/snyat/kvartiru-dolgosrochno/112607539
436,112585008,https://re.kufar.by/vi/minsk/snyat/kvartiru-dolgosrochno/112585008
437,112548907,https://re.kufar.by/vi/minsk/snyat/kvartiru-dolgosrochno/112548907
438,112532214,https://re.kufar.by/vi/minsk/snyat/kvartiru-dolgosrochno/112532214
439,112500516,https://re.kufar.by/vi/minsk/snyat/kvartiru-dolgosrochno/112500516
440,112490740,https://re.kufar.by/vi/minsk/snyat/kvartiru-dolgosrochno/112490740
441,112410239,https://re.kufar.by/vi/minsk/snyat/kvartiru-dolgosrochno/112410239
442,112365674,https://re.kufar.by/vi/minsk/snyat/kvartiru-dolgosrochno/112365674
443,112327836,https://re.kufar.by/vi/minsk/snyat/kvartiru-dolgosrochno/112327836
444,104480747,https://re.kufar.by/vi/minsk/snyat/kvartiru-dolgosrochno/104480747
445,112280104,https://re.kufar.by/vi/minsk/snyat/kvartiru-dolgosrochno/112280104
446,112279585,https://re.kufar.by/vi/minsk/snyat/kvartiru-dolgosrochno/112279585
447,112254489,https://re.kufar.by/vi/minsk/snyat/kvartiru-dolgosrochno/112254489
448,112217169,https://re.kufar.by/vi/minsk/snyat/kvartiru-dolgosrochno/112217169
449,110993549,https://re.kufar.by/vi/minsk/snyat/kvartiru-dolgosrochno/110993549
450,112641946,https://re.kufar.by/vi/minsk/snyat/kvartiru-dolgosrochno/112641946
451,112607539,https://re.kufar.by/vi/minsk/snyat/kvartiru-dolgosrochno/112607539
452,112585008,https://re.kufar.by/vi/minsk/snyat/kvartiru-dolgosrochno/112585008
453,112548907,https://re.kufar.by/vi/minsk/snyat/kvartiru-dolgosrochno/112548907
454,112532214,https://re.kufar.by/vi/minsk/snyat/kvartiru-dolgosrochno/112532214
455,112500516,https://re.kufar.by/vi/minsk/snyat/kvartiru-dolgosrochno/112500516
456,112490740,https://re.kufar.by/vi/minsk/snyat/kvartiru-dolgosrochno/112490740
457,112410239,https://re.kufar.by/vi/minsk/snyat/kvartiru-dolgosrochno/112410239
458,112365674,https://re.kufar.by/vi/minsk/snyat/kvartiru-dolgosrochno/112365674
459,112327836,https://re.kufar.by/vi/minsk/snyat/kvartiru-dolgosrochno/112327836
460,104480747,https://re.kufar.by/vi/minsk/snyat/kvartiru-dolgosrochno/104480747
461,112280104,https://re.kufar.by/vi/minsk/snyat/kvartiru-dolgosrochno/112280104
462,112279585,https://re.kufar.by/vi/minsk/snyat/kvartiru-dolgosrochno/112279585
463,112254489,https://re.kufar.by/vi/minsk/snyat/kvartiru-dolgosrochno/112254489
464,112217169,https://re.kufar.by/vi/minsk/snyat/kvartiru-dolgosrochno/112217169
465,110993549,https://re.kufar.by/vi/minsk/snyat/kvartiru-dolgosrochno/110993549
466,112208875,https://re.kufar.by/vi/minsk/snyat/kvartiru-dolgosrochno/112208875
467,112207986,https://re.kufar.by/vi/minsk/snyat/kvartiru-dolgosrochno/112207986
468,112205056,https://re.kufar.by/vi/minsk/snyat/kvartiru-dolgosrochno/112205056
469,112154043,https://re.kufar.by/vi/minsk/snyat/kvartiru-dolgosrochno/112154043
470,112118622,https://re.kufar.by/vi/minsk/snyat/kvartiru-dolgosrochno/112118622
471,112105622,https://re.kufar.by/vi/minsk/snyat/kvartiru-dolgosrochno/112105622
472,112103994,https://re.kufar.by/vi/minsk/snyat/kvartiru-dolgosrochno/112103994
473,108221506,https://re.kufar.by/vi/minsk/snyat/kvartiru-dolgosrochno/108221506
474,112090414,https://re.kufar.by/vi/minsk/snyat/kvartiru-dolgosrochno/112090414
475,112058486,https://re.kufar.by/vi/minsk/snyat/kvartiru-dolgosrochno/112058486
476,112053818,https://re.kufar.by/vi/minsk/snyat/kvartiru-dolgosrochno/112053818
477,112049222,https://re.kufar.by/vi/minsk/snyat/kvartiru-dolgosrochno/112049222
478,109973178,https://re.kufar.by/vi/minsk/snyat/kvartiru-dolgosrochno/109973178
479,112035784,https://re.kufar.by/vi/minsk/snyat/kvartiru-dolgosrochno/112035784
480,112018909,https://re.kufar.by/vi/minsk/snyat/kvartiru-dolgosrochno/112018909
481,112018179,https://re.kufar.by/vi/minsk/snyat/kvartiru-dolgosrochno/112018179
482,111963771,https://re.kufar.by/vi/minsk/snyat/kvartiru-dolgosrochno/111963771
483,111940358,https://re.kufar.by/vi/minsk/snyat/kvartiru-dolgosrochno/111940358
484,111925742,https://re.kufar.by/vi/minsk/snyat/kvartiru-dolgosrochno/bez-otdelki/111925742
485,111884258,https://re.kufar.by/vi/minsk/snyat/kvartiru-dolgosrochno/111884258
486,111844122,https://re.kufar.by/vi/minsk/snyat/kvartiru-dolgosrochno/111844122
487,111835991,https://re.kufar.by/vi/minsk/snyat/kvartiru-dolgosrochno/111835991
488,111741464,https://re.kufar.by/vi/minsk/snyat/kvartiru-dolgosrochno/111741464
489,111714164,https://re.kufar.by/vi/minsk/snyat/kvartiru-dolgosrochno/111714164
490,111711467,https://re.kufar.by/vi/minsk/snyat/kvartiru-dolgosrochno/111711467
491,111640370,https://re.kufar.by/vi/minsk/snyat/kvartiru-dolgosrochno/111640370
492,111641057,https://re.kufar.by/vi/minsk/snyat/kvartiru-dolgosrochno/111641057
493,111640476,https://re.kufar.by/vi/minsk/snyat/kvartiru-dolgosrochno/111640476
494,111635722,https://re.kufar.by/vi/minsk/snyat/kvartiru-dolgosrochno/111635722
495,111598787,https://re.kufar.by/vi/minsk/snyat/kvartiru-dolgosrochno/111598787
496,106910307,https://re.kufar.by/vi/minsk/snyat/kvartiru-dolgosrochno/106910307
497,111547174,https://re.kufar.by/vi/minsk/snyat/kvartiru-dolgosrochno/111547174
498,111521888,https://re.kufar.by/vi/minsk/snyat/kvartiru-dolgosrochno/111521888
499,111519424,https://re.kufar.by/vi/minsk/snyat/kvartiru-dolgosrochno/111519424
500,111492825,https://re.kufar.by/vi/minsk/snyat/kvartiru-dolgosrochno/111492825
501,111486940,https://re.kufar.by/vi/minsk/snyat/kvartiru-dolgosrochno/111486940
502,111459338,https://re.kufar.by/vi/minsk/snyat/kvartiru-dolgosrochno/111459338
503,111213098,https://re.kufar.by/vi/minsk/snyat/kvartiru-dolgosrochno/111213098
504,111419630,https://re.kufar.by/vi/minsk/snyat/kvartiru-dolgosrochno/111419630
505,110407198,https://re.kufar.by/vi/minsk/snyat/kvartiru-dolgosrochno/110407198
506,111417673,https://re.kufar.by/vi/minsk/snyat/kvartiru-dolgosrochno/111417673
507,111416534,https://re.kufar.by/vi/minsk/snyat/kvartiru-dolgosrochno/111416534
508,111397258,https://re.kufar.by/vi/minsk/snyat/kvartiru-dolgosrochno/111397258
509,111394308,https://re.kufar.by/vi/minsk/snyat/kvartiru-dolgosrochno/111394308
510,108041141,https://re.kufar.by/vi/minsk/snyat/kvartiru-dolgosrochno/108041141
511,111328558,https://re.kufar.by/vi/minsk/snyat/kvartiru-dolgosrochno/111328558
512,111258252,https://re.kufar.by/vi/minsk/snyat/kvartiru-dolgosrochno/111258252
513,111232687,https://re.kufar.by/vi/minsk/snyat/kvartiru-dolgosrochno/111232687
514,111231748,https://re.kufar.by/vi/minsk/snyat/kvartiru-dolgosrochno/111231748
515,111206999,https://re.kufar.by/vi/minsk/snyat/kvartiru-dolgosrochno/111206999
516,111203704,https://re.kufar.by/vi/minsk/snyat/kvartiru-dolgosrochno/111203704
517,111125635,https://re.kufar.by/vi/minsk/snyat/kvartiru-dolgosrochno/111125635
518,111111461,https://re.kufar.by/vi/minsk/snyat/kvartiru-dolgosrochno/111111461
519,111105226,https://re.kufar.by/vi/minsk/snyat/kvartiru-dolgosrochno/111105226
520,111104719,https://re.kufar.by/vi/minsk/snyat/kvartiru-dolgosrochno/111104719
521,111103255,https://re.kufar.by/vi/minsk/snyat/kvartiru-dolgosrochno/111103255
522,111063575,https://re.kufar.by/vi/minsk/snyat/kvartiru-dolgosrochno/111063575
523,111048364,https://re.kufar.by/vi/minsk/snyat/kvartiru-dolgosrochno/111048364
524,111041395,https://re.kufar.by/vi/minsk/snyat/kvartiru-dolgosrochno/111041395
525,111034075,https://re.kufar.by/vi/minsk/snyat/kvartiru-dolgosrochno/111034075
526,107958532,https://re.kufar.by/vi/minsk/snyat/kvartiru-dolgosrochno/107958532
527,110985511,https://re.kufar.by/vi/minsk/snyat/kvartiru-dolgosrochno/110985511
528,110984169,https://re.kufar.by/vi/minsk/snyat/kvartiru-dolgosrochno/110984169
529,110892924,https://re.kufar.by/vi/minsk/snyat/kvartiru-dolgosrochno/110892924
530,110891877,https://re.kufar.by/vi/minsk/snyat/kvartiru-dolgosrochno/110891877
531,110868360,https://re.kufar.by/vi/minsk/snyat/kvartiru-dolgosrochno/110868360
532,110864389,https://re.kufar.by/vi/minsk/snyat/kvartiru-dolgosrochno/110864389
533,110857164,https://re.kufar.by/vi/minsk/snyat/kvartiru-dolgosrochno/110857164
534,110835747,https://re.kufar.by/vi/minsk/snyat/kvartiru-dolgosrochno/110835747
535,110720426,https://re.kufar.by/vi/minsk/snyat/kvartiru-dolgosrochno/110720426
536,110710539,https://re.kufar.by/vi/minsk/snyat/kvartiru-dolgosrochno/110710539
537,110640177,https://re.kufar.by/vi/minsk/snyat/kvartiru-dolgosrochno/110640177
538,107266562,https://re.kufar.by/vi/minsk/snyat/kvartiru-dolgosrochno/107266562
539,110630743,https://re.kufar.by/vi/minsk/snyat/kvartiru-dolgosrochno/110630743
540,110621252,https://re.kufar.by/vi/minsk/snyat/kvartiru-dolgosrochno/110621252
541,110583876,https://re.kufar.by/vi/minsk/snyat/kvartiru-dolgosrochno/110583876
542,110573408,https://re.kufar.by/vi/minsk/snyat/kvartiru-dolgosrochno/110573408
543,110569263,https://re.kufar.by/vi/minsk/snyat/kvartiru-dolgosrochno/110569263
544,110568566,https://re.kufar.by/vi/minsk/snyat/kvartiru-dolgosrochno/110568566
545,110555232,https://re.kufar.by/vi/minsk/snyat/kvartiru-dolgosrochno/110555232
546,110551580,https://re.kufar.by/vi/minsk/snyat/kvartiru-dolgosrochno/110551580
547,110544207,https://re.kufar.by/vi/minsk/snyat/kvartiru-dolgosrochno/110544207
548,110542215,https://re.kufar.by/vi/minsk/snyat/kvartiru-dolgosrochno/110542215
549,110506266,https://re.kufar.by/vi/minsk/snyat/kvartiru-dolgosrochno/110506266
550,110488267,https://re.kufar.by/vi/minsk/snyat/kvartiru-dolgosrochno/110488267
551,102042706,https://re.kufar.by/vi/minsk/snyat/kvartiru-dolgosrochno/102042706
552,110419091,https://re.kufar.by/vi/minsk/snyat/kvartiru-dolgosrochno/110419091
553,110359038,https://re.kufar.by/vi/minsk/snyat/kvartiru-dolgosrochno/110359038
554,110350552,https://re.kufar.by/vi/minsk/snyat/kvartiru-dolgosrochno/110350552
555,106403852,https://re.kufar.by/vi/minsk/snyat/kvartiru-dolgosrochno/106403852
556,110340539,https://re.kufar.by/vi/minsk/snyat/kvartiru-dolgosrochno/110340539
557,110323154,https://re.kufar.by/vi/minsk/snyat/kvartiru-dolgosrochno/110323154
558,110314792,https://re.kufar.by/vi/minsk/snyat/kvartiru-dolgosrochno/110314792
559,110304341,https://re.kufar.by/vi/minsk/snyat/kvartiru-dolgosrochno/110304341
560,110289647,https://re.kufar.by/vi/minsk/snyat/kvartiru-dolgosrochno/110289647
561,110229573,https://re.kufar.by/vi/minsk/snyat/kvartiru-dolgosrochno/110229573
562,110215158,https://re.kufar.by/vi/minsk/snyat/kvartiru-dolgosrochno/110215158
563,102560975,https://re.kufar.by/vi/minsk/snyat/kvartiru-dolgosrochno/102560975
564,110144650,https://re.kufar.by/vi/minsk/snyat/kvartiru-dolgosrochno/110144650
565,110126890,https://re.kufar.by/vi/minsk/snyat/kvartiru-dolgosrochno/110126890
566,110067663,https://re.kufar.by/vi/minsk/snyat/kvartiru-dolgosrochno/110067663
567,110050463,https://re.kufar.by/vi/minsk/snyat/kvartiru-dolgosrochno/110050463
568,110033522,https://re.kufar.by/vi/minsk/snyat/kvartiru-dolgosrochno/110033522
569,110031922,https://re.kufar.by/vi/minsk/snyat/kvartiru-dolgosrochno/110031922
